"Date","Price","Open","High","Low","Change %"
"Sep 18","1.3070","1.2921","1.3142","1.2786","0.83%"
"Aug 18","1.2963","1.3128","1.3147","1.2663","-1.25%"
"Jul 18","1.3127","1.3182","1.3364","1.2957","-0.62%"
"Jun 18","1.3209","1.3299","1.3473","1.3050","-0.68%"
"May 18","1.3300","1.3761","1.3776","1.3205","-3.43%"
"Apr 18","1.3772","1.4026","1.4379","1.3714","-1.75%"
"Mar 18","1.4018","1.3762","1.4246","1.3713","1.87%"
"Feb 18","1.3760","1.4190","1.4278","1.3756","-3.04%"
"Jan 18","1.4192","1.3514","1.4346","1.3457","5.01%"
"Dec 17","1.3515","1.3525","1.3552","1.3302","-0.08%"
"Nov 17","1.3526","1.3281","1.3550","1.3038","1.83%"
"Oct 17","1.3283","1.3388","1.3403","1.3025","-0.85%"
"Sep 17","1.3397","1.2930","1.3657","1.2903","3.60%"
"Aug 17","1.2931","1.3214","1.3265","1.2772","-2.14%"
"Jul 17","1.3214","1.3012","1.3225","1.2810","1.44%"
"Jun 17","1.3027","1.2889","1.3032","1.2589","1.06%"
"May 17","1.2890","1.2952","1.3049","1.2769","-0.47%"
"Apr 17","1.2951","1.2544","1.2970","1.2366","3.20%"
"Mar 17","1.2550","1.2385","1.2620","1.2111","1.36%"
"Feb 17","1.2381","1.2580","1.2708","1.2345","-1.57%"
"Jan 17","1.2579","1.2346","1.2675","1.1981","1.95%"
"Dec 16","1.2338","1.2507","1.2776","1.2200","-1.34%"
"Nov 16","1.2505","1.2235","1.2673","1.2205","2.13%"
"Oct 16","1.2244","1.2940","1.2948","1.1452","-5.64%"
"Sep 16","1.2976","1.3139","1.3446","1.2913","-1.23%"
"Aug 16","1.3138","1.3230","1.3372","1.2864","-0.70%"
"Jul 16","1.3231","1.3311","1.3485","1.2801","-0.60%"
"Jun 16","1.3311","1.4482","1.5023","1.3123","-8.06%"
"May 16","1.4478","1.4610","1.4770","1.4331","-0.92%"
"Apr 16","1.4613","1.4362","1.4671","1.4006","1.75%"
"Mar 16","1.4362","1.3920","1.4518","1.3905","3.20%"
"Feb 16","1.3916","1.4240","1.4669","1.3834","-2.32%"
"Jan 16","1.4247","1.4736","1.4815","1.4082","-3.34%"
"Dec 15","1.4739","1.5055","1.5239","1.4723","-2.11%"
"Nov 15","1.5056","1.5452","1.5499","1.4993","-2.42%"
"Oct 15","1.5429","1.5128","1.5509","1.5107","1.98%"
"Sep 15","1.5129","1.5344","1.5660","1.5107","-1.39%"
"Aug 15","1.5343","1.5624","1.5819","1.5334","-1.80%"
"Jul 15","1.5624","1.5710","1.5734","1.5330","-0.55%"
"Jun 15","1.5710","1.5295","1.5933","1.5172","2.74%"
"May 15","1.5291","1.5352","1.5817","1.5090","-0.39%"
"Apr 15","1.5351","1.4817","1.5498","1.4565","3.60%"
"Mar 15","1.4818","1.5437","1.5445","1.4634","-3.99%"
"Feb 15","1.5434","1.5087","1.5554","1.4989","2.42%"
"Jan 15","1.5069","1.5577","1.5587","1.4950","-3.25%"
"Dec 14","1.5575","1.5650","1.5787","1.5486","-0.47%"
"Nov 14","1.5649","1.5978","1.6023","1.5591","-2.18%"
"Oct 14","1.5998","1.6215","1.6254","1.5876","-1.33%"
"Sep 14","1.6214","1.6595","1.6645","1.6052","-2.32%"
"Aug 14","1.6599","1.6886","1.6894","1.6526","-1.70%"
"Jul 14","1.6886","1.7108","1.7193","1.6857","-1.29%"
"Jun 14","1.7106","1.6762","1.7118","1.6699","2.11%"
"May 14","1.6752","1.6874","1.6998","1.6693","-0.72%"
"Apr 14","1.6873","1.6662","1.6903","1.6555","1.26%"
"Mar 14","1.6663","1.6746","1.6786","1.6461","-0.49%"
"Feb 14","1.6745","1.6446","1.6825","1.6253","1.88%"
"Jan 14","1.6436","1.6559","1.6670","1.6312","-0.74%"
"Dec 13","1.6558","1.6363","1.6581","1.6221","1.17%"
"Nov 13","1.6367","1.6038","1.6386","1.5855","2.03%"
"Oct 13","1.6042","1.6186","1.6262","1.5895","-0.89%"
"Sep 13","1.6186","1.5512","1.6203","1.5506","4.36%"
"Aug 13","1.5510","1.5210","1.5717","1.5103","1.99%"
"Jul 13","1.5208","1.5201","1.5435","1.4814","-0.03%"
"Jun 13","1.5212","1.5192","1.5753","1.5165","0.09%"
"May 13","1.5199","1.5534","1.5606","1.5008","-2.15%"
"Apr 13","1.5533","1.5207","1.5568","1.5034","2.17%"
"Mar 13","1.5203","1.5162","1.5269","1.4830","0.27%"
"Feb 13","1.5162","1.5858","1.5880","1.5072","-4.38%"
"Jan 13","1.5857","1.6254","1.6382","1.5675","-2.44%"
"Dec 12","1.6253","1.6012","1.6308","1.6002","1.50%"
"Nov 12","1.6013","1.6131","1.6178","1.5829","-0.73%"
"Oct 12","1.6130","1.6161","1.6219","1.5912","-0.22%"
"Sep 12","1.6166","1.5869","1.6312","1.5826","1.89%"
"Aug 12","1.5866","1.5679","1.5914","1.5491","1.21%"
"Jul 12","1.5677","1.5698","1.5769","1.5392","-0.20%"
"Jun 12","1.5709","1.5409","1.5780","1.5269","1.97%"
"May 12","1.5405","1.6236","1.6248","1.5360","-5.10%"
"Apr 12","1.6233","1.6018","1.6302","1.5803","1.37%"
"Mar 12","1.6013","1.5918","1.6039","1.5604","0.60%"
"Feb 12","1.5917","1.5757","1.5991","1.5643","1.01%"
"Jan 12","1.5758","1.5502","1.5797","1.5235","1.42%"
"Dec 11","1.5537","1.5698","1.5776","1.5362","-1.01%"
"Nov 11","1.5696","1.6080","1.6132","1.5424","-2.45%"
"Oct 11","1.6091","1.5575","1.6167","1.5272","3.25%"
"Sep 11","1.5584","1.6242","1.6260","1.5328","-4.12%"
"Aug 11","1.6254","1.6395","1.6620","1.6111","-1.02%"
"Jul 11","1.6421","1.6046","1.6473","1.5782","2.32%"
"Jun 11","1.6049","1.6449","1.6497","1.5912","-2.44%"
"May 11","1.6451","1.6711","1.6739","1.6061","-1.51%"
"Apr 11","1.6704","1.6038","1.6747","1.5973","4.19%"
"Mar 11","1.6033","1.6259","1.6402","1.5936","-1.38%"
"Feb 11","1.6258","1.6016","1.6279","1.5964","1.52%"
"Jan 11","1.6015","1.5569","1.6060","1.5408","2.65%"
"Dec 10","1.5601","1.5563","1.5913","1.5347","0.31%"
"Nov 10","1.5553","1.6044","1.6300","1.5485","-3.04%"
"Oct 10","1.6040","1.5712","1.6106","1.5655","2.08%"
"Sep 10","1.5713","1.5353","1.5924","1.5296","2.36%"
"Aug 10","1.5351","1.5726","1.6004","1.5327","-2.12%"
"Jul 10","1.5684","1.4947","1.5724","1.4873","4.92%"
"Jun 10","1.4949","1.4533","1.5130","1.4346","2.82%"
"May 10","1.4539","1.5315","1.5320","1.4231","-4.79%"
"Apr 10","1.5271","1.5184","1.5526","1.5127","0.57%"
"Mar 10","1.5185","1.5159","1.5382","1.4783","-0.43%"
"Feb 10","1.5250","1.5948","1.6072","1.5151","-4.71%"
"Jan 10","1.6003","1.6158","1.6459","1.5894","-0.95%"
"Dec 09","1.6157","1.6442","1.6724","1.5833","-1.81%"
"Nov 09","1.6454","1.6416","1.6879","1.6262","0.04%"
"Oct 09","1.6448","1.6006","1.6696","1.5708","2.76%"
"Sep 09","1.6006","1.6278","1.6744","1.5770","-1.66%"
"Aug 09","1.6276","1.6714","1.7044","1.6153","-2.66%"
"Jul 09","1.6721","1.6465","1.6736","1.5984","1.55%"
"Jun 09","1.6465","1.6178","1.6746","1.5801","1.74%"
"May 09","1.6184","1.4781","1.6201","1.4754","9.45%"
"Apr 09","1.4787","1.4329","1.5067","1.4272","3.21%"
"Mar 09","1.4327","1.4290","1.4781","1.3656","0.12%"
"Feb 09","1.4310","1.4477","1.4986","1.4050","-1.35%"
"Jan 09","1.4506","1.4615","1.5374","1.3500","-0.83%"
"Dec 08","1.4628","1.5364","1.5725","1.4355","-4.98%"
"Nov 08","1.5395","1.6081","1.6401","1.4558","-4.21%"
"Oct 08","1.6071","1.7836","1.7879","1.5268","-9.87%"
"Sep 08","1.7831","1.8129","1.8674","1.7448","-2.10%"
"Aug 08","1.8214","1.9833","1.9844","1.8174","-8.18%"
"Jul 08","1.9836","1.9932","2.0154","1.9648","-0.47%"
"Jun 08","1.9929","1.9770","1.9968","1.9408","0.53%"
"May 08","1.9824","1.9869","1.9911","1.9365","-0.20%"
"Apr 08","1.9864","1.9830","2.0050","1.9600","0.17%"
"Mar 08","1.9830","1.9887","2.0399","1.9722","-0.21%"
"Feb 08","1.9871","1.9872","1.9973","1.9355","-0.02%"
"Jan 08","1.9874","1.9871","1.9960","1.9337","0.13%"
"Dec 07","1.9849","2.0551","2.0682","1.9699","-3.51%"
"Nov 07","2.0572","2.0811","2.1162","2.0352","-1.17%"
"Oct 07","2.0815","2.0472","2.0823","2.0244","1.68%"
"Sep 07","2.0471","2.0171","2.0491","1.9879","1.51%"
"Aug 07","2.0166","2.0299","2.0463","1.9653","-0.60%"
"Jul 07","2.0288","2.0086","2.0657","2.0058","0.97%"
"Jun 07","2.0093","1.9803","2.0099","1.9623","1.44%"
"May 07","1.9807","1.9996","2.0076","1.9678","-0.92%"
"Apr 07","1.9990","1.9695","2.0136","1.9593","1.58%"
"Mar 07","1.9680","1.9638","1.9729","1.9183","0.20%"
"Feb 07","1.9640","1.9651","1.9752","1.9402","0.01%"
"Jan 07","1.9639","1.9591","1.9919","1.9261","0.25%"
"Dec 06","1.9590","1.9663","1.9849","1.9434","-0.32%"
"Nov 06","1.9652","1.9071","1.9700","1.8835","3.02%"
"Oct 06","1.9076","1.8748","1.9101","1.8518","1.89%"
"Sep 06","1.8723","1.9038","1.9082","1.8601","-1.69%"
"Aug 06","1.9044","1.8679","1.9147","1.8627","1.97%"
"Jul 06","1.8676","1.8474","1.8691","1.8176","1.07%"
"Jun 06","1.8478","1.8713","1.8881","1.8091","-1.18%"
"May 06","1.8698","1.8237","1.9028","1.8206","2.42%"
"Apr 06","1.8256","1.7369","1.8272","1.7251","5.03%"
"Mar 06","1.7382","1.7538","1.7626","1.7230","-0.90%"
"Feb 06","1.7540","1.7788","1.7822","1.7279","-1.41%"
"Jan 06","1.7790","1.7216","1.7936","1.7186","3.35%"
"Dec 05","1.7214","1.7294","1.7814","1.7125","-0.50%"
"Nov 05","1.7300","1.7702","1.7795","1.7045","-2.28%"
"Oct 05","1.7704","1.7625","1.7910","1.7394","0.37%"
"Sep 05","1.7639","1.8035","1.8501","1.7565","-2.19%"
"Aug 05","1.8034","1.7567","1.8179","1.7533","2.64%"
"Jul 05","1.7571","1.7914","1.7923","1.7277","-1.91%"
"Jun 05","1.7914","1.8172","1.8406","1.7871","-1.45%"
"May 05","1.8177","1.9067","1.9080","1.8104","-4.75%"
"Apr 05","1.9084","1.8906","1.9224","1.8675","0.98%"
"Mar 05","1.8899","1.9215","1.9329","1.8594","-1.69%"
"Feb 05","1.9224","1.8832","1.9266","1.8511","2.07%"
"Jan 05","1.8834","1.9197","1.9204","1.8521","-1.83%"
"Dec 04","1.9186","1.9097","1.9552","1.9013","0.41%"
"Nov 04","1.9108","1.8388","1.9135","1.8295","3.97%"
"Oct 04","1.8379","1.8122","1.8452","1.7747","1.43%"
"Sep 04","1.8119","1.8024","1.8165","1.7708","0.53%"
"Aug 04","1.8024","1.8211","1.8468","1.7853","-0.97%"
"Jul 04","1.8201","1.8196","1.8767","1.8083","0.04%"
"Jun 04","1.8194","1.8327","1.8489","1.8012","-0.68%"
"May 04","1.8319","1.7791","1.8425","1.7479","2.97%"
"Apr 04","1.7791","1.8456","1.8609","1.7583","-3.61%"
"Mar 04","1.8458","1.8685","1.8751","1.7904","-1.18%"
"Feb 04","1.8679","1.8232","1.9143","1.8135","2.43%"
"Jan 04","1.8236","1.7858","1.8579","1.7786","2.12%"
"Dec 03","1.7857","1.7207","1.7946","1.7167","3.68%"
"Nov 03","1.7224","1.6955","1.7243","1.6566","1.57%"
"Oct 03","1.6957","1.6616","1.7085","1.6532","2.07%"
"Sep 03","1.6613","1.5790","1.6764","1.5610","5.31%"
"Aug 03","1.5775","1.6107","1.6191","1.5619","-2.04%"
"Jul 03","1.6103","1.6555","1.6744","1.5778","-2.67%"
"Jun 03","1.6545","1.6254","1.6906","1.6237","1.11%"
"May 03","1.6364","1.5992","1.6548","1.5903","2.36%"
"Apr 03","1.5987","1.5825","1.6037","1.5461","0.98%"
"Mar 03","1.5832","1.5729","1.6161","1.5540","0.60%"
"Feb 03","1.5737","1.6482","1.6539","1.5703","-4.50%"
"Jan 03","1.6478","1.6106","1.6573","1.5908","2.27%"
"Dec 02","1.6113","1.5568","1.6136","1.5450","3.48%"
"Nov 02","1.5571","1.5650","1.5972","1.5414","-0.49%"
"Oct 02","1.5648","1.5680","1.5767","1.5408","-0.25%"
"Sep 02","1.5687","1.5493","1.5746","1.5281","1.21%"
"Aug 02","1.5499","1.5638","1.5730","1.5163","-0.88%"
"Jul 02","1.5637","1.5324","1.5865","1.5150","1.97%"
"Jun 02","1.5335","1.4571","1.5383","1.4531","5.46%"
"May 02","1.4541","1.4575","1.4708","1.4467","-0.23%"
"Apr 02","1.4575","1.4259","1.4640","1.4250","2.22%"
"Mar 02","1.4258","1.4166","1.4329","1.4090","0.70%"
"Feb 02","1.4159","1.4112","1.4366","1.4061","0.37%"
"Jan 02","1.4107","1.4534","1.4559","1.4042","-3.01%"
"Dec 01","1.4545","1.4237","1.4612","1.4141","2.13%"
"Nov 01","1.4242","1.4545","1.4691","1.4039","-2.08%"
"Oct 01","1.4544","1.4727","1.4844","1.4196","-1.36%"
"Sep 01","1.4745","1.4530","1.4793","1.4406","1.42%"
"Aug 01","1.4539","1.4254","1.4626","1.4121","2.04%"
"Jul 01","1.4249","1.4152","1.4356","1.3929","0.64%"
"Jun 01","1.4159","1.4180","1.4228","1.3679","-0.17%"
"May 01","1.4183","1.4333","1.4452","1.4075","-0.98%"
"Apr 01","1.4324","1.4147","1.4505","1.4140","1.15%"
"Mar 01","1.4161","1.4451","1.4769","1.4153","-1.97%"
"Feb 01","1.4446","1.4639","1.4835","1.4314","-1.30%"
"Jan 01","1.4637","1.4963","1.5105","1.4460","-2.15%"
"Dec 00","1.4959","1.4266","1.4982","1.4230","4.88%"
"Nov 00","1.4263","1.4482","1.4577","1.3958","-1.52%"
"Oct 00","1.4483","1.4762","1.4806","1.4189","-1.90%"
"Sep 00","1.4763","1.4475","1.4801","1.3950","1.97%"
"Aug 00","1.4478","1.5003","1.5146","1.4422","-3.45%"
"Jul 00","1.4995","1.5160","1.5228","1.4905","-1.17%"
"Jun 00","1.5172","1.5007","1.5320","1.4897","1.05%"
"May 00","1.5014","1.5524","1.5672","1.4666","-3.26%"
"Apr 00","1.5520","1.5913","1.6076","1.5504","-2.52%"
"Mar 00","1.5921","1.5791","1.6011","1.5616","0.84%"
"Feb 00","1.5788","1.6160","1.6195","1.5774","-2.29%"
"Jan 00","1.6158","1.6144","1.6582","1.6121","-0.14%"
"Dec 99","1.6181","1.5986","1.6315","1.5951","1.21%"
"Nov 99","1.5988","1.6439","1.6519","1.5912","-2.72%"
"Oct 99","1.6435","1.6471","1.6798","1.6329","-0.25%"
"Sep 99","1.6476","1.6035","1.6516","1.5982","2.74%"
"Aug 99","1.6037","1.6208","1.6295","1.5838","-1.10%"
"Jul 99","1.6215","1.5785","1.6255","1.5475","2.79%"
"Jun 99","1.5775","1.6020","1.6180","1.5724","-1.59%"
"May 99","1.6030","1.6093","1.6437","1.5880","-0.40%"
"Apr 99","1.6095","1.6117","1.6242","1.5843","-0.07%"
"Mar 99","1.6107","1.5979","1.6479","1.5951","0.48%"
"Feb 99","1.6030","1.6478","1.6484","1.5954","-2.60%"
"Jan 99","1.6458","1.6582","1.6721","1.6231","-0.51%"
"Dec 98","1.6542","1.6482","1.6943","1.6465","0.36%"
"Nov 98","1.6482","1.6768","1.6802","1.6447","-1.59%"
"Oct 98","1.6749","1.7001","1.7369","1.6612","-1.39%"
"Sep 98","1.6985","1.6814","1.7148","1.6514","0.95%"
"Aug 98","1.6825","1.6345","1.6847","1.6083","2.96%"
"Jul 98","1.6341","1.6663","1.6685","1.6269","-2.03%"
"Jun 98","1.6680","1.6332","1.6788","1.6255","2.30%"
"May 98","1.6305","1.6708","1.6745","1.6157","-2.42%"
"Apr 98","1.6710","1.6728","1.6977","1.6550","-0.11%"
"Mar 98","1.6728","1.6437","1.6892","1.6288","1.74%"
"Feb 98","1.6442","1.6333","1.6596","1.6208","0.66%"
"Jan 98","1.6335","1.6480","1.6865","1.6090","-0.85%"
"Dec 97","1.6475","1.6915","1.6915","1.6275","-2.46%"
"Nov 97","1.6890","1.6780","1.7150","1.6673","0.93%"
"Oct 97","1.6735","1.6180","1.6879","1.5990","3.40%"
"Sep 97","1.6185","1.6130","1.6300","1.5780","-0.12%"
"Aug 97","1.6205","1.6410","1.6435","1.5667","-1.22%"
"Jul 97","1.6405","1.6659","1.6991","1.6208","-1.50%"
"Jun 97","1.6655","1.6413","1.6730","1.6192","1.49%"
"May 97","1.6410","1.6237","1.6603","1.6000","1.05%"
"Apr 97","1.6239","1.6376","1.6554","1.6158","-0.90%"
"Mar 97","1.6387","1.6273","1.6473","1.5854","0.56%"
"Feb 97","1.6295","1.5987","1.6460","1.5960","1.68%"
"Jan 97","1.6025","1.7112","1.7135","1.5953","-6.45%"
"Dec 96","1.7130","1.6833","1.7173","1.6105","1.84%"
"Nov 96","1.6820","1.6275","1.6910","1.6260","3.37%"
"Oct 96","1.6271","1.5654","1.6351","1.5608","3.94%"
"Sep 96","1.5654","1.5612","1.5730","1.5489","0.21%"
"Aug 96","1.5621","1.5566","1.5654","1.5343","0.35%"
"Jul 96","1.5566","1.5516","1.5646","1.5373","0.25%"
"Jun 96","1.5527","1.5529","1.5569","1.5274","0.10%"
"May 96","1.5511","1.5059","1.5530","1.4891","2.96%"
"Apr 96","1.5065","1.5261","1.5326","1.4983","-1.31%"
"Mar 96","1.5265","1.5317","1.5409","1.5159","-0.33%"
"Feb 96","1.5316","1.5130","1.5534","1.5118","1.23%"
"Jan 96","1.5130","1.5470","1.5606","1.4975","-2.44%"
"Dec 95","1.5508","1.5315","1.5628","1.5203","1.23%"
"Nov 95","1.5320","1.5808","1.5865","1.5242","-3.07%"
"Oct 95","1.5805","1.5830","1.5951","1.5670","-0.19%"
"Sep 95","1.5835","1.5496","1.5985","1.5430","2.17%"
"Aug 95","1.5499","1.5972","1.6113","1.5301","-2.98%"
"Jul 95","1.5975","1.5931","1.6053","1.5853","0.16%"
"Jun 95","1.5950","1.5863","1.6165","1.5690","0.54%"
"May 95","1.5865","1.6095","1.6245","1.5534","-1.61%"
"Apr 95","1.6125","1.6248","1.6273","1.5863","-0.59%"
"Mar 95","1.6220","1.5843","1.6571","1.5640","2.46%"
"Feb 95","1.5830","1.5795","1.5970","1.5500","0.25%"
"Jan 95","1.5790","1.5665","1.6025","1.5480","0.80%"
"Dec 94","1.5665","1.5648","1.5765","1.5395","0.08%"
"Nov 94","1.5653","1.6363","1.6445","1.5590","-4.33%"
"Oct 94","1.6361","1.5796","1.6420","1.5738","3.68%"
"Sep 94","1.5780","1.5350","1.5875","1.5320","2.80%"
"Aug 94","1.5350","1.5527","1.5592","1.5260","-0.58%"
"Jul 94","1.5440","1.5435","1.5762","1.5195","-0.03%"
"Jun 94","1.5444","1.5109","1.5585","1.5017","2.21%"
"May 94","1.5110","1.5163","1.5210","1.4850","-0.57%"
"Apr 94","1.5196","1.4832","1.5242","1.4607","2.40%"
"Mar 94","1.4840","1.4852","1.5055","1.4735","-0.09%"
"Feb 94","1.4853","1.5067","1.5090","1.4543","-1.34%"
"Jan 94","1.5055","1.4754","1.5113","1.4745","1.93%"
"Dec 93","1.4770","1.4858","1.5105","1.4725","-0.61%"
"Nov 93","1.4860","1.4810","1.4978","1.4640","0.51%"
"Oct 93","1.4785","1.4958","1.5395","1.4705","-1.13%"
"Sep 93","1.4954","1.4888","1.5575","1.4863","0.27%"
"Aug 93","1.4914","1.4798","1.5208","1.4552","0.63%"
"Jul 93","1.4820","1.4907","1.5255","1.4725","-0.49%"
"Jun 93","1.4893","1.5629","1.5658","1.4642","-4.64%"
"May 93","1.5617","1.5697","1.5902","1.5188","-0.75%"
"Apr 93","1.5735","1.5137","1.5975","1.5070","3.88%"
"Mar 93","1.5148","1.4219","1.5155","1.4212","6.34%"
"Feb 93","1.4245","1.4735","1.4777","1.4068","-4.17%"
"Jan 93","1.4865","1.5110","1.5675","1.4835","-1.59%"
"Dec 92","1.5105","1.5155","1.6105","1.4940","-0.36%"
"Nov 92","1.5160","1.5545","1.5620","1.5020","-2.66%"
"Oct 92","1.5575","1.7860","1.7875","1.5535","-12.71%"
"Sep 92","1.7843","1.9893","2.0105","1.6825","-10.25%"
"Aug 92","1.9880","1.9247","2.0015","1.9005","3.23%"
"Jul 92","1.9258","1.9035","1.9595","1.8880","1.16%"
"Jun 92","1.9038","1.8275","1.9112","1.8043","4.15%"
"May 92","1.8280","1.8240","1.8435","1.7750","2.73%"
"Apr 92","1.7795","1.7795","1.7815","1.7178","2.48%"
"Mar 92","1.7365","1.7365","1.7633","1.6980","-1.17%"
"Feb 92","1.7571","1.7571","1.8404","1.7304","-1.59%"
"Jan 92","1.7855","1.7855","1.8890","1.7425","-4.39%"
"Dec 91","1.8675","1.8675","1.8925","1.7714","5.63%"
"Nov 91","1.7680","1.7680","1.8075","1.7398","1.67%"
"Oct 91","1.7390","1.7390","1.7585","1.6905","-0.57%"
"Sep 91","1.7490","1.7490","1.7555","1.6790","4.05%"
"Aug 91","1.6810","1.6810","1.7212","1.6115","-0.24%"
"Jul 91","1.6850","1.6850","1.7000","1.5988","3.92%"
"Jun 91","1.6215","1.6215","1.7062","1.6032","-4.48%"
"May 91","1.6975","1.6975","1.7600","1.6885","-2.10%"
"Apr 91","1.7340","1.7340","1.8015","1.6655","-0.76%"
"Mar 91","1.7472","1.7472","1.9158","1.7308","-8.62%"
"Feb 91","1.9120","1.9120","2.0050","1.9080","-2.75%"
"Jan 91","1.9660","1.9660","1.9761","1.8845","1.68%"
"Dec 90","1.9335","1.9335","1.9634","1.8635","-0.51%"
"Nov 90","1.9435","1.9435","1.9865","1.9320","0.03%"
"Oct 90","1.9430","1.9430","1.9883","1.8745","3.60%"
"Sep 90","1.8755","1.8755","1.9248","1.8363","-0.82%"
"Aug 90","1.8910","1.8910","1.9600","1.8298","1.45%"
"Jul 90","1.8639","1.8639","1.8657","1.7410","6.57%"
"Jun 90","1.7490","1.7490","1.7490","1.6675","4.22%"
"May 90","1.6782","1.6782","1.7075","1.6359","2.30%"
"Apr 90","1.6405","1.6405","1.6495","1.6235","-0.29%"
"Mar 90","1.6452","1.6452","1.6860","1.5886","-1.85%"
"Feb 90","1.6762","1.6762","1.7172","1.6729","-0.10%"
"Jan 90","1.6778","1.6778","1.6881","1.6038","4.11%"
"Dec 89","1.6115","1.6115","1.6325","1.5610","2.57%"
"Nov 89","1.5711","1.5711","1.5974","1.5528","-0.63%"
"Oct 89","1.5810","1.5810","1.6263","1.5372","-2.36%"
"Sep 89","1.6192","1.6192","1.6305","1.5323","3.23%"
"Aug 89","1.5685","1.5685","1.6700","1.5536","-5.77%"
"Jul 89","1.6645","1.6645","1.6673","1.5446","7.26%"
"Jun 89","1.5519","1.5519","1.6054","1.4904","-1.18%"
"May 89","1.5705","1.5705","1.6882","1.5519","-6.83%"
"Apr 89","1.6856","1.6856","1.7215","1.6684","0.05%"
"Mar 89","1.6848","1.6848","1.7446","1.6741","-3.27%"
"Feb 89","1.7418","1.7418","1.7873","1.7272","-0.55%"
"Jan 89","1.7514","1.7514","1.8300","1.7459","-3.18%"
"Dec 88","1.8089","1.8089","1.8717","1.7797","-2.36%"
"Nov 88","1.8527","1.8527","1.8533","1.7547","4.82%"
"Oct 88","1.7675","1.7675","1.7818","1.6892","4.51%"
"Sep 88","1.6913","1.6913","1.7112","1.6579","0.43%"
"Aug 88","1.6840","1.6840","1.7376","1.6696","-1.42%"
"Jul 88","1.7082","1.7082","1.7522","1.6496","-0.16%"
"Jun 88","1.7109","1.7109","1.8363","1.6942","-6.74%"
"May 88","1.8346","1.8346","1.8947","1.8342","-2.20%"
"Apr 88","1.8758","1.8758","1.9052","1.8343","-0.48%"
"Mar 88","1.8848","1.8848","1.8882","1.7642","6.26%"
"Feb 88","1.7737","1.7737","1.7753","1.7198","0.49%"
"Jan 88","1.7651","1.7651","1.8926","1.7565","-6.45%"
"Dec 87","1.8867","1.8867","1.8871","1.7825","3.32%"
"Nov 87","1.8261","1.8261","1.8336","1.7256","6.10%"
"Oct 87","1.7211","1.7211","1.7314","1.6117","5.97%"
"Sep 87","1.6241","1.6241","1.6643","1.6203","-0.23%"
"Aug 87","1.6279","1.6279","1.6347","1.5618","2.36%"
"Jul 87","1.5903","1.5903","1.6383","1.5878","-0.31%"
"Jun 87","1.5953","1.5953","1.6679","1.5868","-2.00%"
"May 87","1.6279","1.6279","1.6889","1.6040","-2.01%"
"Apr 87","1.6613","1.6613","1.6704","1.5875","3.51%"
"Mar 87","1.6049","1.6049","1.6233","1.5520","3.89%"
"Feb 87","1.5448","1.5448","1.5492","1.4977","2.18%"
"Jan 87","1.5118","1.5118","1.5476","1.4630","2.02%"
"Dec 86","1.4819","1.4819","1.4830","1.4199","3.30%"
"Nov 86","1.4345","1.4345","1.4429","1.4059","0.74%"
"Oct 86","1.4239","1.4239","1.4470","1.3967","-1.66%"
"Sep 86","1.4479","1.4479","1.5074","1.4300","-2.66%"
"Aug 86","1.4874","1.4874","1.5060","1.4655","-0.24%"
"Jul 86","1.4910","1.4910","1.5499","1.4655","-2.67%"
"Jun 86","1.5319","1.5319","1.5392","1.4645","4.01%"
"May 86","1.4729","1.4729","1.5535","1.4700","-5.04%"
"Apr 86","1.5510","1.5510","1.5584","1.4398","4.56%"
"Mar 86","1.4834","1.4834","1.5159","1.4313","2.17%"
"Feb 86","1.4519","1.4519","1.4958","1.3659","2.97%"
"Jan 86","1.4100","1.4100","1.4664","1.3735","-2.02%"
"Dec 85","1.4390","1.4390","1.4390","1.4390","-3.36%"
"Nov 85","1.4890","1.4890","1.4890","1.4890","3.37%"
"Oct 85","1.4405","1.4405","1.4405","1.4405","2.27%"
"Sep 85","1.4085","1.4085","1.4085","1.4085","1.26%"
"Aug 85","1.3910","1.3910","1.3910","1.3910","-1.42%"
"Jul 85","1.4110","1.4110","1.4110","1.4110","7.75%"
"Jun 85","1.3095","1.3095","1.3095","1.3095","1.83%"
"May 85","1.2860","1.2860","1.2860","1.2860","3.63%"
"Apr 85","1.2410","1.2410","1.2410","1.2410","0.40%"
"Mar 85","1.2360","1.2360","1.2360","1.2360","14.55%"
"Feb 85","1.0790","1.0790","1.0790","1.0790","-4.56%"
"Jan 85","1.1305","1.1305","1.1305","1.1305","-2.37%"
"Dec 84","1.1580","1.1580","1.1580","1.1580","-3.26%"
"Nov 84","1.1970","1.1970","1.1970","1.1970","-1.76%"
"Oct 84","1.2185","1.2185","1.2185","1.2185","-1.26%"
"Sep 84","1.2340","1.2340","1.2340","1.2340","-5.62%"
"Aug 84","1.3075","1.3075","1.3075","1.3075","0.02%"
"Jul 84","1.3073","1.3073","1.3073","1.3073","-3.70%"
"Jun 84","1.3575","1.3575","1.3575","1.3575","-2.02%"
"May 84","1.3855","1.3855","1.3855","1.3855","-0.89%"
"Apr 84","1.3980","1.3980","1.3980","1.3980","-2.75%"
"Mar 84","1.4375","1.4375","1.4375","1.4375","-3.56%"
"Feb 84","1.4905","1.4905","1.4905","1.4905","6.37%"
"Jan 84","1.4012","1.4012","1.4012","1.4012","-3.47%"
"Dec 83","1.4515","1.4515","1.4515","1.4515","-0.79%"
"Nov 83","1.4630","1.4630","1.4630","1.4630","-2.15%"
"Oct 83","1.4952","1.4952","1.4952","1.4952","-0.17%"
"Sep 83","1.4977","1.4977","1.4977","1.4977","0.25%"
"Aug 83","1.4940","1.4940","1.4940","1.4940","-1.71%"
"Jul 83","1.5200","1.5200","1.5200","1.5200","-0.87%"
"Jun 83","1.5333","1.5333","1.5333","1.5333","-4.20%"
"May 83","1.6005","1.6005","1.6005","1.6005","2.77%"
"Apr 83","1.5573","1.5573","1.5573","1.5573","5.05%"
"Mar 83","1.4825","1.4825","1.4825","1.4825","-1.92%"
"Feb 83","1.5115","1.5115","1.5115","1.5115","-0.57%"
"Jan 83","1.5202","1.5202","1.5202","1.5202","-6.04%"
"Dec 82","1.6180","1.6180","1.6180","1.6180","-0.86%"
"Nov 82","1.6320","1.6320","1.6320","1.6320","-2.68%"
"Oct 82","1.6770","1.6770","1.6770","1.6770","-1.03%"
"Sep 82","1.6945","1.6945","1.6945","1.6945","-1.51%"
"Aug 82","1.7205","1.7205","1.7205","1.7205","-1.01%"
"Jul 82","1.7380","1.7380","1.7380","1.7380","0.14%"
"Jun 82","1.7355","1.7355","1.7355","1.7355","-3.10%"
"May 82","1.7910","1.7910","1.7910","1.7910","-0.20%"
"Apr 82","1.7945","1.7945","1.7945","1.7945","0.76%"
"Mar 82","1.7810","1.7810","1.7810","1.7810","-2.14%"
"Feb 82","1.8200","1.8200","1.8200","1.8200","-2.91%"
"Jan 82","1.8745","1.8745","1.8745","1.8745","-1.90%"
"Dec 81","1.9109","1.9109","1.9109","1.9109","-2.51%"
"Nov 81","1.9600","1.9600","1.9600","1.9600","6.21%"
"Oct 81","1.8454","1.8454","1.8454","1.8454","1.92%"
"Sep 81","1.8106","1.8106","1.8106","1.8106","-1.89%"
"Aug 81","1.8454","1.8454","1.8454","1.8454","-0.15%"
"Jul 81","1.8481","1.8481","1.8481","1.8481","-4.66%"
"Jun 81","1.9384","1.9384","1.9384","1.9384","-6.38%"
"May 81","2.0704","2.0704","2.0704","2.0704","-3.48%"
"Apr 81","2.1450","2.1450","2.1450","2.1450","-4.34%"
"Mar 81","2.2422","2.2422","2.2422","2.2422","1.77%"
"Feb 81","2.2031","2.2031","2.2031","2.2031","-7.25%"
"Jan 81","2.3753","2.3753","2.3753","2.3753","-0.69%"
"Dec 80","2.3918","2.3918","2.3918","2.3918","1.41%"
"Nov 80","2.3585","2.3585","2.3585","2.3585","-3.23%"
"Oct 80","2.4372","2.4372","2.4372","2.4372","2.05%"
"Sep 80","2.3883","2.3883","2.3883","2.3883","-0.24%"
"Aug 80","2.3941","2.3941","2.3941","2.3941","2.13%"
"Jul 80","2.3441","2.3441","2.3441","2.3441","-0.54%"
"Jun 80","2.3568","2.3568","2.3568","2.3568","0.49%"
"May 80","2.3452","2.3452","2.3452","2.3452","4.01%"
"Apr 80","2.2548","2.2548","2.2548","2.2548","4.20%"
"Mar 80","2.1640","2.1640","2.1640","2.1640","-4.85%"
"Feb 80","2.2743","2.2743","2.2743","2.2743","0.32%"
"Jan 80","2.2671","2.2671","2.2671","2.2671","1.88%"
"Dec 79","2.2252","2.2252","2.2252","2.2252","1.25%"
"Nov 79","2.1978","2.1978","2.1978","2.1978","5.63%"
"Oct 79","2.0807","2.0807","2.0807","2.0807","-5.52%"
"Sep 79","2.2022","2.2022","2.2022","2.2022","-2.31%"
"Aug 79","2.2543","2.2543","2.2543","2.2543","-0.23%"
"Jul 79","2.2594","2.2594","2.2594","2.2594","4.04%"
"Jun 79","2.1716","2.1716","2.1716","2.1716","4.80%"
"May 79","2.0721","2.0721","2.0721","2.0721","0.16%"
"Apr 79","2.0687","2.0687","2.0687","2.0687","0.11%"
"Mar 79","2.0665","2.0665","2.0665","2.0665","2.15%"
"Feb 79","2.0231","2.0231","2.0231","2.0231","1.56%"
"Jan 79","1.9920","1.9920","1.9920","1.9920","-2.39%"
"Dec 78","2.0408","2.0408","2.0408","2.0408","4.96%"
"Nov 78","1.9444","1.9444","1.9444","1.9444","-6.81%"
"Oct 78","2.0864","2.0864","2.0864","2.0864","5.70%"
"Sep 78","1.9739","1.9739","1.9739","1.9739","1.64%"
"Aug 78","1.9421","1.9421","1.9421","1.9421","0.62%"
"Jul 78","1.9301","1.9301","1.9301","1.9301","3.74%"
"Jun 78","1.8605","1.8605","1.8605","1.8605","1.75%"
"May 78","1.8285","1.8285","1.8285","1.8285","0.09%"
"Apr 78","1.8268","1.8268","1.8268","1.8268","-1.92%"
"Mar 78","1.8625","1.8625","1.8625","1.8625","-3.82%"
"Feb 78","1.9365","1.9365","1.9365","1.9365","-0.79%"
"Jan 78","1.9520","1.9520","1.9520","1.9520","1.74%"
"Dec 77","1.9186","1.9186","1.9186","1.9186","5.62%"
"Nov 77","1.8165","1.8165","1.8165","1.8165","-1.26%"
"Oct 77","1.8396","1.8396","1.8396","1.8396","5.26%"
"Sep 77","1.7476","1.7476","1.7476","1.7476","0.28%"
"Aug 77","1.7428","1.7428","1.7428","1.7428","0.30%"
"Jul 77","1.7376","1.7376","1.7376","1.7376","1.01%"
"Jun 77","1.7203","1.7203","1.7203","1.7203","0.09%"
"May 77","1.7188","1.7188","1.7188","1.7188","-0.03%"
"Apr 77","1.7194","1.7194","1.7194","1.7194","-0.03%"
"Mar 77","1.7200","1.7200","1.7200","1.7200","0.41%"
"Feb 77","1.7129","1.7129","1.7129","1.7129","-0.12%"
"Jan 77","1.7150","1.7150","1.7150","1.7150","0.76%"
"Dec 76","1.7021","1.7021","1.7021","1.7021","2.98%"
"Nov 76","1.6529","1.6529","1.6529","1.6529","4.22%"
"Oct 76","1.5860","1.5860","1.5860","1.5860","-4.92%"
"Sep 76","1.6681","1.6681","1.6681","1.6681","-6.07%"
"Aug 76","1.7759","1.7759","1.7759","1.7759","-0.46%"
"Jul 76","1.7841","1.7841","1.7841","1.7841","0.00%"
"Jun 76","1.7841","1.7841","1.7841","1.7841","1.43%"
"May 76","1.7590","1.7590","1.7590","1.7590","-4.45%"
"Apr 76","1.8409","1.8409","1.8409","1.8409","-3.87%"
"Mar 76","1.9150","1.9150","1.9150","1.9150","-5.44%"
"Feb 76","2.0251","2.0251","2.0251","2.0251","-0.18%"
"Jan 76","2.0288","2.0288","2.0288","2.0288","0.28%"
"Dec 75","2.0231","2.0231","2.0231","2.0231","0.14%"
"Nov 75","2.0202","2.0202","2.0202","2.0202","-2.79%"
"Oct 75","2.0781","2.0781","2.0781","2.0781","1.72%"
"Sep 75","2.0429","2.0429","2.0429","2.0429","-3.18%"
"Aug 75","2.1101","2.1101","2.1101","2.1101","-1.92%"
"Jul 75","2.1515","2.1515","2.1515","2.1515","-1.51%"
"Jun 75","2.1844","2.1844","2.1844","2.1844","-5.72%"
"May 75","2.3170","2.3170","2.3170","2.3170","-1.50%"
"Apr 75","2.3524","2.3524","2.3524","2.3524","-2.09%"
"Mar 75","2.4027","2.4027","2.4027","2.4027","-1.08%"
"Feb 75","2.4290","2.4290","2.4290","2.4290","2.02%"
"Jan 75","2.3810","2.3810","2.3810","2.3810","1.45%"
"Dec 74","2.3470","2.3470","2.3470","2.3470","0.92%"
"Nov 74","2.3255","2.3255","2.3255","2.3255","-0.43%"
"Oct 74","2.3355","2.3355","2.3355","2.3355","0.13%"
"Sep 74","2.3325","2.3325","2.3325","2.3325","0.70%"
"Aug 74","2.3162","2.3162","2.3162","2.3162","-2.97%"
"Jul 74","2.3870","2.3870","2.3870","2.3870","-0.15%"
"Jun 74","2.3905","2.3905","2.3905","2.3905","-0.23%"
"May 74","2.3960","2.3960","2.3960","2.3960","-1.16%"
"Apr 74","2.4240","2.4240","2.4240","2.4240","1.30%"
"Mar 74","2.3930","2.3930","2.3930","2.3930","3.98%"
"Feb 74","2.3015","2.3015","2.3015","2.3015","0.68%"
"Jan 74","2.2860","2.2860","2.2860","2.2860","-1.57%"
"Dec 73","2.3225","2.3225","2.3225","2.3225","-0.87%"
"Nov 73","2.3430","2.3430","2.3430","2.3430","-3.92%"
"Oct 73","2.4385","2.4385","2.4385","2.4385","1.04%"
"Sep 73","2.4135","2.4135","2.4135","2.4135","-1.81%"
"Aug 73","2.4580","2.4580","2.4580","2.4580","-1.64%"
"Jul 73","2.4990","2.4990","2.4990","2.4990","-3.18%"
"Jun 73","2.5810","2.5810","2.5810","2.5810","0.58%"
"May 73","2.5661","2.5661","2.5661","2.5661","3.10%"
"Apr 73","2.4890","2.4890","2.4890","2.4890","0.55%"
"Mar 73","2.4755","2.4755","2.4755","2.4755","-0.58%"
"Feb 73","2.4900","2.4900","2.4900","2.4900","4.55%"
"Jan 73","2.3817","2.3817","2.3817","2.3817","1.44%"
"Dec 72","2.3480","2.3480","2.3480","2.3480","-0.18%"
"Nov 72","2.3522","2.3522","2.3522","2.3522","0.50%"
"Oct 72","2.3405","2.3405","2.3405","2.3405","-3.27%"
"Sep 72","2.4195","2.4195","2.4195","2.4195","-1.18%"
"Aug 72","2.4483","2.4483","2.4483","2.4483","-0.06%"
"Jul 72","2.4498","2.4498","2.4498","2.4498","0.36%"
"Jun 72","2.4410","2.4410","2.4410","2.4410","-6.58%"
"May 72","2.6130","2.6130","2.6130","2.6130","0.08%"
"Apr 72","2.6110","2.6110","2.6110","2.6110","-0.20%"
"Mar 72","2.6163","2.6163","2.6163","2.6163","0.40%"
"Feb 72","2.6059","2.6059","2.6059","2.6059","0.47%"
"Jan 72","2.5937","2.5937","2.5937","2.5937","1.63%"
"Dec 71","2.5520","2.5520","2.5520","2.5520","2.34%"
"Nov 71","2.4937","2.4937","2.4937","2.4937","0.09%"
"Oct 71","2.4914","2.4914","2.4914","2.4914","0.27%"
"Sep 71","2.4847","2.4847","2.4847","2.4847","1.27%"
"Aug 71","2.4535","2.4535","2.4535","2.4535","1.45%"
"Jul 71","2.4184","2.4184","2.4184","2.4184","-0.05%"
"Jun 71","2.4196","2.4196","2.4196","2.4196","0.07%"
"May 71","2.4178","2.4178","2.4178","2.4178","-0.06%"
"Apr 71","2.4193","2.4193","2.4193","2.4193","0.10%"
"Mar 71","2.4168","2.4168","2.4168","2.4168","0.03%"
"Feb 71","2.4160","2.4160","2.4160","2.4160","-0.06%"